<?xml version="1.0" encoding="utf-8"?>
<!--/14252015/1170059/2.50/4/2/Switch/-->
<quadcept_library>
  <setting unit="mil" />
  <textstyle name="Default" height="47.244094488189" strokewidth="7.8740157480315" charwidth="47.244094488189" />
  <textstyle name="Dimension" height="19.6850393700787" strokewidth="0" charwidth="19.6850393700787" />
  <textstyle name="H127W0635TH00762" height="50" strokewidth="3" charwidth="25" />
  <textstyle name="H15W15TH02" height="59.0551181102362" strokewidth="7.8740157480315" charwidth="59.0551181102362" />
  <padstyle name="r100_70" surface="True" plated="False" isvia="False" nopaste="False" nomask="True" complex="False" holesize="0">
    <padshape layer="TOP" shape="rectangle" width="27.55905511811" height="39.370078740157" />
    <padshape layer="TOP_SOLDER_MASK" shape="rectangle" width="35.433070866141" height="47.244094488188" />
    <padshape layer="TOP_SOLDER_PASTE" shape="rectangle" width="27.55905511811" height="39.370078740157" />
  </padstyle>
  <footprint name="RKB2SJG250SMTRLFS" originx="0" originy="0" pickpointx="0" pickpointy="0">
    <pcbpin number="1" name="1" style="r100_70" originx="-88.582677165353" originy="42.322834645669" rotation="90" />
    <pcbpin number="2" name="2" style="r100_70" originx="88.582677165353" originy="42.322834645669" rotation="90" />
    <pcbpin number="3" name="3" style="r100_70" originx="-88.582677165353" originy="-42.322834645669" rotation="90" />
    <pcbpin number="4" name="4" style="r100_70" originx="88.582677165353" originy="-42.322834645669" rotation="90" />
    <line layer="TOP_ASSEMBLY" originx="-82.67716535433" originy="-62.992125984251" endx="82.67716535433" endy="-62.992125984251" width="3.9370078740157" />
    <line layer="TOP_ASSEMBLY" originx="82.67716535433" originy="-62.992125984251" endx="82.67716535433" endy="62.992125984251" width="3.9370078740157" />
    <line layer="TOP_ASSEMBLY" originx="82.67716535433" originy="62.992125984251" endx="-82.67716535433" endy="62.992125984251" width="3.9370078740157" />
    <line layer="TOP_ASSEMBLY" originx="-82.67716535433" originy="62.992125984251" endx="-82.67716535433" endy="-62.992125984251" width="3.9370078740157" />
    <line layer="TOP_PLACE_BOUND" originx="-147.63779527559" originy="102.36220472441" endx="147.63779527559" endy="102.36220472441" width="3.9370078740157" />
    <line layer="TOP_PLACE_BOUND" originx="147.63779527559" originy="102.36220472441" endx="147.63779527559" endy="-102.36220472441" width="3.9370078740157" />
    <line layer="TOP_PLACE_BOUND" originx="147.63779527559" originy="-102.36220472441" endx="-147.63779527559" endy="-102.36220472441" width="3.9370078740157" />
    <line layer="TOP_PLACE_BOUND" originx="-147.63779527559" originy="-102.36220472441" endx="-147.63779527559" endy="102.36220472441" width="3.9370078740157" />
    <line layer="TOP_SILKSCREEN" originx="-55.11811023622" originy="62.992125984251" endx="55.11811023622" endy="62.992125984251" width="7.8740157480314" />
    <line layer="TOP_SILKSCREEN" originx="-82.67716535433" originy="15.748031496063" endx="-82.67716535433" endy="-15.748031496063" width="7.8740157480314" />
    <line layer="TOP_SILKSCREEN" originx="-55.11811023622" originy="-62.992125984251" endx="55.11811023622" endy="-62.992125984251" width="7.8740157480314" />
    <line layer="TOP_SILKSCREEN" originx="82.67716535433" originy="-15.748031496063" endx="82.67716535433" endy="15.748031496063" width="7.8740157480314" />
    <line layer="TOP_SILKSCREEN" originx="-129.92125984252" originy="42.322834645669" endx="-129.92125984252" endy="42.322834645669" width="3.9370078740157" />
    <arc layer="TOP_SILKSCREEN" originx="-127.95275590551" originy="42.322834645669" startangle="180.0" sweepangle="180.0" radius="1.9685039370079" width="3.9370078740157" />
    <line layer="TOP_SILKSCREEN" originx="-125.9842519685" originy="42.322834645669" endx="-125.9842519685" endy="42.322834645669" width="3.9370078740157" />
    <arc layer="TOP_SILKSCREEN" originx="-127.95275590551" originy="42.322834645669" startangle=".0" sweepangle="180.0" radius="1.9685039370079" width="3.9370078740157" />
  </footprint>
  <symbol name="RKB2SJG250SMTR_LFS" originx="0" originy="0">
    <line originx="200" originy="100" endx="1000" endy="100" width="0" />
    <line originx="1000" originy="-200" endx="1000" endy="100" width="0" />
    <line originx="1000" originy="-200" endx="200" endy="-200" width="0" />
    <line originx="200" originy="100" endx="200" endy="-200" width="0" />
    <sympin number="1" originx="200" originy="0" rotation="180" length="100" width="7.8740157480315" flipped="False">
      <text name="pinname" originx="230" originy="0" style="Default" rotation="0" justify="left" flipped="False" hidden="False" data="COM_1" />
      <text name="pindes" originx="140" originy="20" style="Default" rotation="0" justify="lowerright" flipped="False" hidden="False" data="1" />
    </sympin>
    <sympin number="2" originx="1000" originy="0" rotation="0" length="100" width="7.8740157480315" flipped="False">
      <text name="pinname" originx="970" originy="0" style="Default" rotation="0" justify="right" flipped="False" hidden="False" data="COM_2" />
      <text name="pindes" originx="1060" originy="20" style="Default" rotation="0" justify="lowerleft" flipped="False" hidden="False" data="2" />
    </sympin>
    <sympin number="3" originx="200" originy="-100" rotation="180" length="100" width="7.8740157480315" flipped="False">
      <text name="pinname" originx="230" originy="-100" style="Default" rotation="0" justify="left" flipped="False" hidden="False" data="NO_1" />
      <text name="pindes" originx="140" originy="-80" style="Default" rotation="0" justify="lowerright" flipped="False" hidden="False" data="3" />
    </sympin>
    <sympin number="4" originx="1000" originy="-100" rotation="0" length="100" width="7.8740157480315" flipped="False">
      <text name="pinname" originx="970" originy="-100" style="Default" rotation="0" justify="right" flipped="False" hidden="False" data="NO_2" />
      <text name="pindes" originx="1060" originy="-80" style="Default" rotation="0" justify="lowerleft" flipped="False" hidden="False" data="4" />
    </sympin>
  </symbol>
  <component name="RKB2SJG250SMTR_LFS" designatorprefix="S" height="106.29921259842" footprint="RKB2SJG250SMTRLFS">
    <comppin designator="1" sympin="1" pinswap="0" gateswap="0" gate="1" group="1" side="" type="Any" name="COM_1" />
    <comppin designator="2" sympin="2" pinswap="0" gateswap="0" gate="1" group="1" side="" type="Any" name="COM_2" />
    <comppin designator="3" sympin="3" pinswap="0" gateswap="0" gate="1" group="1" side="" type="Any" name="NO_1" />
    <comppin designator="4" sympin="4" pinswap="0" gateswap="0" gate="1" group="1" side="" type="Any" name="NO_2" />
    <attached_symbol gate="1" name="RKB2SJG250SMTR_LFS" />
    <pinmap designator="1" footprintpin="1" />
    <pinmap designator="2" footprintpin="2" />
    <pinmap designator="3" footprintpin="3" />
    <pinmap designator="4" footprintpin="4" />
    <text name="Datasheet" originx="0" originy="0" style="Default" rotation="0" justify="" flipped="False" hidden="True" data="https://www.ckswitches.com/media/3130/ck_rk_datasheet.pdf" />
    <text name="Description" originx="0" originy="0" style="Default" rotation="0" justify="" flipped="False" hidden="True" data="Tactile Switches J Bend SMT Term 400gf Force" />
    <text name="Mouser Part Number" originx="0" originy="0" style="Default" rotation="0" justify="" flipped="False" hidden="True" data="611-RKB2SJG250SMTRLF" />
    <text name="Mouser Price/Stock" originx="0" originy="0" style="Default" rotation="0" justify="" flipped="False" hidden="True" data="https://www.mouser.co.uk/ProductDetail/CK/RKB2SJG250SMTR-LFS?qs=iLbezkQI%252Bsgsc0TY%2FPaT8A%3D%3D" />
    <text name="Manufacturer_Name" originx="0" originy="0" style="Default" rotation="0" justify="" flipped="False" hidden="True" data="C & K COMPONENTS" />
    <text name="Manufacturer_Part_Number" originx="1050" originy="200" style="Default" rotation="0" justify="left" flipped="False" hidden="False" data="RKB2SJG250SMTR LFS" />
  </component>
</quadcept_library>
